{
  "pck_overall": 0.19654427645788336,
  "pck_per_joint": [
    0.4642857142857143,
    0.24,
    0.45454545454545453,
    0.08695652173913043,
    0.3888888888888889,
    0.08823529411764706,
    0.029411764705882353,
    0.09090909090909091,
    0.06451612903225806,
    0.07407407407407407,
    0.10714285714285714,
    0.30303030303030304,
    0.4117647058823529,
    0.24,
    0.36,
    0.0,
    0.0
  ],
  "oks_mean": 0.041181289100800045,
  "mpjpe_overall": 0.3118279452577488,
  "mpjpe_per_joint": [
    0.1777110172978288,
    0.24728279993870203,
    0.20123220086810215,
    0.30422605447727424,
    0.2383383860330437,
    0.4436546978308287,
    0.44158958762998013,
    0.42056214174155526,
    0.3824027237848915,
    0.39259788747738206,
    0.4015057241401321,
    0.19128351168983335,
    0.17417353799054883,
    0.013144357566207765,
    0.17793297744230577,
    0.550056985597343,
    0.5433804778757697
  ],
  "n_samples": 37,
  "joint_names": [
    "nose",
    "left_eye",
    "right_eye",
    "left_ear",
    "right_ear",
    "left_shoulder",
    "right_shoulder",
    "left_elbow",
    "right_elbow",
    "left_wrist",
    "right_wrist",
    "left_hip",
    "right_hip",
    "left_knee",
    "right_knee",
    "left_ankle",
    "right_ankle"
  ],
  "skipped": 63,
  "segmentor": "oracle",
  "split": "val2017",
  "pck_threshold": 0.2
}