{
  "pck_overall": 0.8334888729361091,
  "pck_per_joint": [
    0.8935037273695421,
    0.9762629336579428,
    0.9829787234042553,
    0.9838585703305149,
    0.9902255639097745,
    0.7890295358649789,
    0.8185654008438819,
    0.8465783664459161,
    0.8577633007600435,
    0.7355658198614319,
    0.7223451327433629,
    0.7513484358144552,
    0.7653661143773384,
    0.7531504818383988,
    0.7461024498886414,
    0.8007279344858963,
    0.8088642659279779
  ],
  "oks_mean": 0.44154615448559276,
  "mpjpe_overall": 0.05369825835633965,
  "mpjpe_per_joint": [
    0.11950770564961977,
    0.07361307188132911,
    0.07155958030097148,
    0.04806629651728556,
    0.046982781849200565,
    0.04030954187443045,
    0.03850659054445293,
    0.04256786780862382,
    0.04486242964358356,
    0.07128671120777144,
    0.07985178215487518,
    0.06102344407301929,
    0.057932380966980196,
    0.025905790200099723,
    0.026091080894653004,
    0.03178537229463369,
    0.03301796419624442
  ],
  "n_samples": 2242,
  "joint_names": [
    "nose",
    "left_eye",
    "right_eye",
    "left_ear",
    "right_ear",
    "left_shoulder",
    "right_shoulder",
    "left_elbow",
    "right_elbow",
    "left_wrist",
    "right_wrist",
    "left_hip",
    "right_hip",
    "left_knee",
    "right_knee",
    "left_ankle",
    "right_ankle"
  ],
  "skipped": 1,
  "segmentor": "oracle",
  "split": "val2017",
  "pck_threshold": 0.2
}