{
  "pck_overall": 0.22643979057591623,
  "pck_per_joint": [
    0.45652173913043476,
    0.5121951219512195,
    0.5789473684210527,
    0.425,
    0.48717948717948717,
    0.11864406779661017,
    0.14754098360655737,
    0.18867924528301888,
    0.21153846153846154,
    0.0,
    0.0,
    0.23636363636363636,
    0.0,
    0.10256410256410256,
    0.0,
    0.3,
    0.3125
  ],
  "oks_mean": 0.03522803586461389,
  "mpjpe_overall": 0.4921869455347301,
  "mpjpe_per_joint": [
    0.40558973847799973,
    0.42145192588772207,
    0.37534619926331814,
    0.5674342568229036,
    0.6051043136926668,
    0.718181907416531,
    0.5897045401894999,
    0.7020944409885989,
    0.501011336358538,
    null,
    null,
    0.5533492514813316,
    null,
    0.3079116091994973,
    null,
    0.3205851483353737,
    0.3306656238375105
  ],
  "n_samples": 67,
  "joint_names": [
    "nose",
    "left_eye",
    "right_eye",
    "left_ear",
    "right_ear",
    "left_shoulder",
    "right_shoulder",
    "left_elbow",
    "right_elbow",
    "left_wrist",
    "right_wrist",
    "left_hip",
    "right_hip",
    "left_knee",
    "right_knee",
    "left_ankle",
    "right_ankle"
  ],
  "skipped": 33,
  "segmentor": "segformer",
  "split": "val2017",
  "pck_threshold": 0.2
}